,"(42.125, -75.125)","(42.125, -74.875)","(42.125, -74.625)","(42.375, -75.125)","(42.375, -74.875)","(42.375, -74.625)"
2015-01-01,109.10539877419355,108.27647932258064,107.23291738709678,107.93776351612904,107.18935861290322,106.36821083870967
2015-02-01,142.10985014285714,140.91148592857144,139.60759146428572,141.13308542857143,140.06774732142858,138.91828928571428
2015-03-01,194.78655787096775,193.66223922580647,192.26550161290322,193.7127702903226,192.81393612903224,191.55336664516128
2015-04-01,227.03698946666665,225.44678566666667,223.560983,225.534135,223.90528600000002,222.29605733333335
2015-05-01,287.00481354838706,286.2868632258065,284.69828387096777,288.95647483870965,287.7590706451613,286.7472016129032
2015-06-01,314.01973699999996,314.5244166666667,313.307707,317.471437,317.6353433333333,316.340702
2015-07-01,291.2811970967742,291.8693403225806,292.55303741935484,290.01994,290.7759825806451,291.19415354838713
2015-08-01,252.45269741935485,251.5642970967742,250.15147258064516,253.25148516129033,252.31389096774194,250.60407451612903
2015-09-01,211.47878466666668,209.69306300000002,207.66814383333335,211.85667533333333,210.0608088,208.29039616666665
2015-10-01,155.1145093548387,153.62037874193547,151.93572470967743,153.80426532258065,152.2750970967742,150.53220664516127
2015-11-01,109.1233273,108.13042466666666,107.0438875,108.00311126666666,107.09802996666667,106.12315923333334
2015-12-01,86.61157780645162,85.52964354838709,84.38601561290322,85.81465116129033,84.79794861290323,83.69751567741935
2016-01-01,108.34962670967742,107.358993,106.14594341935484,107.69250174193547,106.72332516129032,105.57707577419355
2016-02-01,141.9749702413793,140.27574513793104,138.1545124827586,141.6314131034483,139.9975174137931,137.96326910344828
2016-03-01,190.9915833548387,188.46825148387094,185.90748612903224,188.80671761290324,186.51483016129035,183.96716080645163
2016-04-01,240.850031,239.44107200000002,237.321085,239.31507133333335,237.90052066666667,236.32467766666667
2016-05-01,281.43680774193547,278.81382290322586,274.567065483871,282.9741867741936,280.01823,276.37249709677417
2016-06-01,311.9806443333334,312.9606136666667,312.73176166666667,314.02168033333334,314.6251763333333,314.42255800000004
2016-07-01,281.0007412903226,280.76518870967743,280.74466451612903,282.89978548387097,282.6416422580645,281.91358258064514
2016-08-01,246.8055419354839,246.11022451612905,244.65261774193547,246.29373064516128,245.62811258064517,244.0662612903226
2016-09-01,208.3541086666667,206.20891799999998,203.39657633333334,208.937264,206.860658,204.32623133333334
2016-10-01,156.8016614516129,155.83463658064517,154.9500741612903,155.69397274193548,154.76426532258063,154.0167887419355
2016-11-01,107.48724163333333,106.60881356666667,105.46939426666667,107.02037606666666,106.13487149999999,104.91034880000001
2016-12-01,93.85550074193549,92.96751319354838,91.92469741935483,92.5818199032258,91.77051770967742,90.76158787096773
2017-01-01,111.37251796774193,110.24144238709678,108.87018280645162,110.41321525806453,109.31350035483871,108.04387632258064
2017-02-01,143.19690342857143,141.8742025,140.0971945714286,143.01396425000001,141.75784453571427,140.114246
2017-03-01,192.73471612903228,191.54934903225805,189.74600935483872,192.52879258064516,191.55408193548388,189.79454419354838
2017-04-01,237.528291,236.32437966666666,235.028362,236.977089,235.75650533333334,234.786223
2017-05-01,278.44814,277.21130516129034,275.48353483870966,277.8589706451613,276.2454461290323,275.29194709677415
2017-06-01,305.7576263333333,304.641041,302.30138566666665,307.46111833333333,305.906389,303.54328833333335
2017-07-01,276.00677354838706,275.5128296774194,275.5011532258065,277.0282641935484,276.5530432258064,275.75386612903225
2017-08-01,251.84421903225808,250.37302967741934,248.7027780645161,251.83689290322582,250.48890387096776,248.83799258064516
2017-09-01,203.752441,201.9131306666667,199.51518333333334,202.948777,201.051763,198.85114033333332
2017-10-01,164.67337387096777,162.93065048387095,160.82752596774193,164.1098439032258,162.46151983870968,160.38676983870968
2017-11-01,112.17166416666667,111.1851531,109.9861531,111.6915606,110.8151421,109.647582
2017-12-01,95.62768722580644,94.63315477419354,93.53211212903226,94.37329480645161,93.42896887096774,92.40050741935484
2018-01-01,102.27892538709678,101.40806680645161,99.98937312903226,101.42105903225807,100.63188551612903,99.3205055483871
2018-02-01,145.96258860714286,144.73203767857143,142.85945464285714,145.4463047857143,144.36812764285713,142.730221
2018-03-01,202.1442469354839,201.24236096774192,199.71543261290321,200.29215406451615,199.66100387096773,198.25635806451615
2018-04-01,237.34867633333334,236.6179163333333,235.46249386666665,236.37488966666666,235.54146020000002,234.72401933333333
2018-05-01,254.28824258064517,252.74228967741936,250.74677967741934,257.97666161290323,255.96840212903226,254.39300064516127
2018-06-01,303.584347,303.79456,303.165006,302.89398900000003,302.666852,302.08320100000003
2018-07-01,290.47369129032256,290.3218525806452,290.53359709677414,291.8475006451613,291.6344587096774,291.12809741935484
2018-08-01,232.24679580645162,231.5377906451613,230.87592354838708,233.59119935483872,233.0310470967742,232.31956483870968
2018-09-01,218.26761133333332,217.09416833333336,215.890804,218.471759,217.28695699999997,216.28908066666665
2018-10-01,163.57334548387098,162.2402251612903,160.46237293548387,163.28537580645164,161.99892387096773,160.03615870967744
2018-11-01,118.40603656666667,117.20258833333334,115.44459463333332,118.59972450000001,117.4468179,115.56976086666667
2018-12-01,89.10750780645161,87.75004012903226,86.23175158064517,88.30323512903226,87.03379761290321,85.58900203225807
2019-01-01,107.35703941935483,106.26862606451613,104.98528996774193,106.26283780645161,105.24729783870967,104.0981804516129
2019-02-01,146.83407482142857,145.43576149999998,143.77237164285714,145.8525419285714,144.49587642857142,142.91943446428573
2019-03-01,206.2119308387097,204.41736258064518,202.41587258064519,205.3922822580645,203.79909125806452,201.90987516129033
2019-04-01,226.44415616666666,224.991595,223.17446916666668,226.15675933333333,224.63983266666668,223.17017066666668
2019-05-01,258.0874448387097,257.482374516129,256.25220838709674,256.6677929032258,255.57997112903226,254.76401870967743
2019-06-01,297.927794,297.74502666666666,296.8258156666667,299.87472499999996,299.02613433333335,297.73089266666665
2019-07-01,269.5869003225806,270.30091,271.76381032258064,270.5469893548387,271.28010645161294,272.20736612903227
2019-08-01,246.3750877419355,245.09987290322582,243.3009529032258,247.0016477419355,245.6670958064516,243.5610006451613
2019-09-01,219.007531,217.405913,215.55754280000002,219.84856266666665,218.23871300000002,216.48057166666666
2019-10-01,162.9536135483871,162.09314064516127,161.0443604516129,161.45798883870967,160.68698306451614,159.69867451612905
2019-11-01,109.41039876666667,108.50154233333333,107.24513903333333,107.78064623333333,106.85122559999999,105.4635607
2019-12-01,88.22235303225807,87.15653096774194,85.73437287096775,87.81802480645162,86.86154516129032,85.50069212903226
2020-01-01,106.99451606451613,106.3499790967742,105.2580649032258,105.56689196774194,104.97402812903226,103.96949677419354
2020-02-01,154.75466462068965,153.7802794137931,152.36299744827585,154.6148446896552,153.75337475862068,152.44644086206898
2020-03-01,209.8797777419355,208.06197870967742,205.77541193548387,209.5366135483871,207.9130506451613,205.4801016129032
2020-04-01,245.56047266666667,243.0567135,239.20594416666665,247.27771933333332,244.781529,241.13897200000002
2020-05-01,271.7305983870968,271.333614516129,269.99730612903227,272.1075922580645,271.3637458064516,270.6527751612903
2020-06-01,301.813196,302.0136693333333,301.6155993333333,300.79814566666664,300.5585556666667,300.279839
2020-07-01,279.6431006451613,278.57698032258065,278.1149409677419,279.94682483870963,278.93548387096774,277.9600235483871
2020-08-01,225.51911451612904,224.5723080645161,223.81467322580644,225.2983593548387,224.3146964516129,223.30054580645162
2020-09-01,217.536149,216.00305733333335,213.98119733333334,216.43553599999998,214.861356,213.047809
2020-10-01,156.7504806451613,155.67879532258064,154.29399916129032,155.86232777419355,154.89373212903226,153.55982658064514
2020-11-01,107.48917856666667,106.51320776666667,105.15567733333334,107.1706429,106.2041807,104.80990323333334
2020-12-01,90.81052700000001,89.3698602580645,87.5462814516129,90.16545870967741,88.85461541935484,87.18305532258064
2021-01-01,106.96841458064516,105.81625129032258,104.32845170967741,105.81271316129033,104.74920567741935,103.42964561290323
2021-02-01,154.1411792857143,152.5898219285714,150.53624557142857,153.5207682142857,152.1160257142857,150.29192789285713
2021-03-01,207.6133012903226,206.4204262580645,204.76588258064515,205.1802664516129,204.30241612903225,202.82157516129033
2021-04-01,253.728193,251.53692833333335,248.575251,259.77005,257.415566,254.46122666666668
2021-05-01,270.2342925806452,268.91454387096775,266.6512951612903,273.7044035483871,271.9910077419355,270.3185177419355
2021-06-01,318.31234466666666,318.4244276666667,317.497952,316.4928723333333,316.10818166666667,315.15282733333333
2021-07-01,286.89834516129037,287.1928329032258,287.0713383870968,285.60571967741936,285.92438161290323,285.2809835483871
2021-08-01,253.75735064516127,253.3670122580645,253.06857774193548,254.13153838709678,253.66736709677417,253.22254387096774
2021-09-01,216.323183,214.71461266666665,212.62216566666666,216.69851699999998,215.14261116666665,213.3531162
2021-10-01,163.0111370967742,161.74909916129033,160.22808322580644,161.81666709677418,160.59092983870968,159.02179758064517
2021-11-01,111.27398896666666,110.08432293333334,108.697283,110.29112083333332,109.19312516666668,107.84383323333333
2021-12-01,85.07985170967741,84.18808267741936,83.25137316129032,83.73664632258065,82.90589245161291,82.08072164516129
2022-01-01,109.61895306451612,108.55330993548387,106.84366283870969,108.84379396774193,107.83772464516129,106.20654741935485
2022-02-01,140.7674619642857,139.15147842857144,137.1436655357143,139.61222039285715,138.0800815357143,136.17402857142858
2022-03-01,198.75435580645163,197.09202548387097,194.98928677419354,197.7100570967742,196.39400580645162,194.49727048387098
2022-04-01,235.53936266666668,234.35704466666667,232.87690333333333,234.838743,233.69950066666667,232.603167
2022-05-01,305.07202032258067,304.8663409677419,304.16212,303.75918322580645,303.13518870967744,303.2014312903226
2022-06-01,292.1090756666666,291.77197199999995,290.8604633333333,290.70668233333333,289.9533976666667,288.8886806666667
2022-07-01,292.73494612903227,293.05271290322577,293.9170593548387,293.76342258064517,294.05674161290324,294.3288180645161
2022-08-01,241.28432387096774,240.98306225806454,240.30192032258063,239.13138516129032,238.86099483870967,238.07984225806453
2022-09-01,222.59060666666667,221.20515466666666,219.16508833333333,224.027395,222.68746000000002,220.77944449999998
2022-10-01,139.3410168387097,138.7271938064516,138.3307463548387,139.23506048387097,138.62111845161292,138.22965358064516
2022-11-01,112.8574143,111.9683068,110.92994593333333,111.4575255,110.66107773333333,109.70842156666666
2022-12-01,93.60011461290323,92.410675,90.82312148387098,92.6464319032258,91.57459648387098,90.11041574193548
2023-01-01,101.45501690322581,100.24368522580646,98.6244090967742,100.73066658064516,99.57861161290323,98.05687525806451
2023-02-01,145.57573875,144.1777280357143,142.3849977142857,144.89025925,143.55142621428573,141.86297589285715
2023-03-01,189.39891051612904,187.61041161290325,185.36278354838709,188.93964987096774,187.31448548387098,184.9600804516129
2023-04-01,232.98022933333334,230.99300683333334,228.13924673333335,234.318297,232.18489033333336,229.463051
2023-05-01,292.4728629032258,291.69390612903226,290.50209806451613,294.12230032258066,292.88836129032256,292.34532161290326
2023-06-01,296.44640799999996,295.963496,293.839129,296.1876883333333,295.34780800000004,293.16671299999996
2023-07-01,279.70255000000003,279.8949841935484,280.17843161290324,280.93256483870965,281.1933577419355,280.7932774193548
2023-08-01,240.45565967741933,240.14282161290322,239.23712677419354,239.37642483870968,239.13370161290325,238.10587645161291
2023-09-01,207.209591,206.38084500000002,204.97301966666666,205.163564,204.396263,203.36967
2023-10-01,162.27633596774194,161.47980870967743,160.09715403225806,160.3042358064516,159.7965446451613,158.69075403225807
2023-11-01,111.1477507,110.35318886666667,109.288783,110.8480861,110.08113963333334,108.94698843333335
2023-12-01,92.1742893548387,91.20047270967741,89.92781051612903,91.45448132258065,90.51542716129033,89.23251467741935
2024-01-01,102.03521309677419,101.33029009677419,100.46247035483871,101.16614564516128,100.50408038709676,99.62543467741936
2024-02-01,160.08814824137932,158.95845120689654,157.3558960689655,158.51733175862068,157.500753137931,156.11166503448274
2024-03-01,197.1251470967742,195.15720677419355,192.0463570967742,197.4913493548387,195.75209774193547,192.67707741935484
2024-04-01,235.28318166666668,233.01790333333332,229.93090733333332,234.62769733333334,232.47078133333335,229.900066
2024-05-01,296.79137451612905,296.5700193548387,295.15783032258065,296.0687432258065,295.492065483871,294.92585612903224
2024-06-01,315.49333433333334,315.1660536666667,313.63301333333334,316.2502963333333,315.47040499999997,313.890245
2024-07-01,292.6240522580645,292.2923993548387,292.5128267741935,292.7600661290323,292.40701677419355,291.9890022580645
2024-08-01,243.96710967741936,242.6066035483871,241.0038280645161,247.1394664516129,245.64596741935483,243.67168580645162
2024-09-01,211.4603765,209.86510966666668,208.0211755,212.06223319999998,210.42151700000002,208.70322733333333
2024-10-01,156.53270706451613,155.22330303225806,153.56806516129032,156.56904548387098,155.3256966451613,153.7177414516129
2024-11-01,110.18604506666667,109.24959906666666,108.11182303333334,108.94610326666665,108.15024,107.11875549999999
2024-12-01,88.81808625806451,87.95860212903226,86.83537658064516,87.5458619032258,86.75818729032258,85.69663829032258
2025-01-01,110.09812958064515,109.27877487096775,108.20518519354839,108.92900829032259,108.21557961290323,107.31741290322582
2025-02-01,145.2855389285714,144.05438696428573,142.19546057142858,145.1501814642857,143.97463253571428,142.29395039285714
2025-03-01,203.03518629032257,201.8162664516129,200.09695806451612,202.165766,201.116904516129,199.33996116129032
2025-04-01,242.93178666666665,242.14230446666667,240.82549786666667,241.0829138,240.2721898,239.27791333333334
2025-05-01,258.8377077419355,257.6792670967742,256.06037451612906,259.8882848387097,258.20955129032257,256.98814516129033
2025-06-01,306.004318,307.01529500000004,307.43210933333336,302.647908,303.10786399999995,303.69274233333334
2025-07-01,290.81384,290.92760870967743,290.89339290322584,292.8539670967742,292.85001774193546,291.9241580645161
2025-08-01,250.5969470967742,249.75858193548387,248.14724161290323,248.63765129032257,247.95391225806452,246.4217929032258
2025-09-01,209.54209766666665,208.2837683333333,206.07696366666667,209.18667316666668,208.004006,206.055722
2025-10-01,153.19135793548386,151.76809838709679,150.19808006451612,153.2081182580645,151.81076451612904,150.21067051612903
2025-11-01,112.36799903333333,111.64255239999999,110.8182382,110.6275227,109.99137743333334,109.1986383
2025-12-01,96.0652470967742,94.80988806451613,93.3565620967742,95.45078429032259,94.21247067741936,92.73878867741936
2026-01-01,108.30835606451612,107.14314093548388,105.58404296774194,107.82430719354839,106.68908587096774,105.18372074193547
2026-02-01,153.1775025,151.9136575,150.47717692857142,152.45138910714286,151.28071717857142,149.86871392857142
2026-03-01,195.59096387096776,194.7030948387097,193.49147387096772,194.1297329032258,193.41483096774195,192.16397258064518
2026-04-01,239.10818266666666,237.35980866666665,234.58033066666667,237.66933233333333,235.89123633333332,233.35139033333334
2026-05-01,273.8978725806451,273.36039948387094,272.10572096774195,275.49847903225805,274.4432429032258,273.7472409677419
2026-06-01,323.35297833333334,321.9539186666667,318.832761,324.37773500000003,322.51443666666665,319.430076
2026-07-01,289.1465006451613,289.12275161290324,289.33531193548384,290.95354612903225,290.9144429032258,290.36871
2026-08-01,238.03129903225806,237.20225322580643,236.1633674193548,238.8024141935484,237.8603929032258,236.570784516129
2026-09-01,222.99280983333335,222.01644833333333,220.274659,221.42447529999998,220.5241632,219.00840533333334
2026-10-01,167.0938593548387,165.7888035483871,163.9122085483871,165.85384096774195,164.69994741935483,162.99806999999998
2026-11-01,110.1499134,109.03415473333332,107.74133923333333,109.11463686666666,108.0696561,106.77855
2026-12-01,87.06665148387097,86.05880103225806,84.76015654838709,86.57494835483871,85.64288793548387,84.41305470967743
2027-01-01,110.08476580645161,108.98225122580645,107.6404415483871,108.81922832258064,107.80858622580645,106.66185287096775
2027-02-01,145.2690912142857,144.34821964285715,142.93497785714285,143.95309621428572,143.16571292857142,141.96245110714284
2027-03-01,189.61366467741937,188.19413258064517,186.86961370967742,189.00196854838708,187.819515,186.61421787096774
2027-04-01,245.63097333333332,244.492844,242.55785,247.10805766666667,246.13197966666667,244.61424766666667
2027-05-01,306.01780612903224,305.7371732258065,304.55401903225805,305.0482809677419,304.333585483871,303.8685274193548
2027-06-01,310.9843196666667,310.993726,310.2948916666667,310.63219000000004,310.1930223333333,309.5058853333333
2027-07-01,283.5199903225806,284.0313222580645,285.27045838709677,282.4139061290322,282.8130964516129,283.47011419354834
2027-08-01,254.3963651612903,253.58580193548386,252.27437225806452,253.08009096774194,252.34088548387098,251.0396593548387
2027-09-01,210.30525586666667,208.80585000000002,207.25372633333333,211.6183988,210.07095653333332,208.353209
2027-10-01,160.1836480967742,158.37504696774192,156.0986893548387,159.81606935483873,158.04778174193547,155.7711264516129
2027-11-01,111.12054086666667,110.07559146666668,108.65816263333333,109.84469256666667,108.86797069999999,107.5121208
2027-12-01,93.55011483870967,92.59264203225807,91.29627332258063,91.85660661290324,91.00610858064516,89.8273724516129
2028-01-01,106.61129216129032,105.4925424516129,104.01835325806452,106.07628051612903,105.05854106451613,103.711471
2028-02-01,152.64047944827587,151.08587806896554,149.31356703448276,152.6736475862069,151.19885731034483,149.50703979310344
2028-03-01,184.14228612903224,182.30847612903224,180.14374838709676,184.45951548387097,182.7654583870968,180.36789129032258
2028-04-01,230.848151,229.12818716666666,226.533525,230.01307733333334,228.18554866666668,225.83753033333332
2028-05-01,281.6098990322581,281.64800467741935,280.6610774193548,283.09552580645163,282.7069804516129,282.43428838709673
2028-06-01,327.6125786666667,327.3483133333333,326.1050676666666,327.5304293333333,326.68135,325.23967100000004
2028-07-01,266.70724677419355,267.0215351612903,267.78474,265.4986748387097,265.8780067741935,266.34778677419354
2028-08-01,251.10695387096774,249.85714419354838,248.35964322580645,251.0875912903226,249.83344677419353,248.32422548387095
2028-09-01,198.95990533333332,197.99687466666668,196.64636000000002,196.283426,195.26806433333334,194.23633133333334
2028-10-01,151.90561722580642,150.75316677419355,149.19272325806452,149.90171245161292,148.85832951612903,147.51195358064516
2028-11-01,106.49478233333335,105.5552719,104.47253266666667,105.89629383333333,105.00324566666667,103.86049233333333
2028-12-01,93.94080022580646,92.92503061290323,91.65827303225807,92.42552329032257,91.5265425483871,90.36598470967742
2029-01-01,100.785231,99.89998119354838,98.65861387096774,99.69118416129032,98.89499703225808,97.79072603225806
2029-02-01,143.73260478571427,142.37273003571428,140.83900410714287,142.87323660714284,141.63006928571428,140.28703124999998
2029-03-01,204.64962,202.95498225806452,200.25579774193548,203.8987293548387,202.37071193548388,199.51464838709677
2029-04-01,230.15473733333334,227.92316346666667,224.81109216666667,231.807378,229.50257066666666,226.516389
2029-05-01,282.98484451612904,282.9458254838709,281.6473229032258,283.66971838709674,283.25692129032257,282.61013451612905
2029-06-01,319.5799303333333,320.000266,318.78738400000003,319.5553503333333,319.496869,318.1801243333333
2029-07-01,290.0763096774193,289.88160677419353,289.60461032258064,290.20193096774193,290.04443806451616,289.0985412903226
2029-08-01,245.01639258064517,244.81130677419353,244.64061032258064,243.8550970967742,243.58053645161291,243.11196774193547
2029-09-01,226.47666366666667,225.79732,224.168212,225.16825,224.69363800000002,223.52318
2029-10-01,163.8843809032258,162.37608867741935,160.4444843870968,163.1121808387097,161.69720341935485,159.89307612903227
2029-11-01,110.72611836666667,109.95760156666667,108.95771813333334,109.71791669999999,109.02755793333334,107.99877539999999
2029-12-01,92.98041677419356,92.10017906451613,90.98439590322582,91.88486670967741,91.07894461290323,90.04209290322581
2030-01-01,110.05603003225806,108.88812432258064,107.27758216129033,108.87510103225806,107.83209909677419,106.46159832258066
2030-02-01,148.17925160714285,146.71459035714287,144.84649299999998,146.69297814285713,145.29272382142858,143.53797460714287
2030-03-01,198.43416258064516,197.18788322580644,195.6225512903226,197.61425903225805,196.43946516129031,194.8291393548387
2030-04-01,250.13440366666666,248.055495,245.15760233333333,249.560376,247.45767366666666,244.84165233333334
2030-05-01,298.7713806451613,298.3509519354839,296.24097193548386,298.87571967741934,298.05016419354837,296.6018480645161
2030-06-01,319.8973876666667,318.75465266666663,316.777406,321.31794133333335,319.83436666666665,318.0897283333333
2030-07-01,289.40013032258065,290.0263722580645,290.88168225806453,290.4889506451613,291.12510483870966,291.4201129032258
2030-08-01,260.7465293548387,260.15744806451613,259.07039032258064,260.862005483871,260.2736651612903,258.93385451612903
2030-09-01,214.64909100000003,213.66267666666667,212.424555,212.40072833333335,211.47593766666665,210.54811233333334
2030-10-01,154.4786887096774,153.20452116129033,152.14234206451613,152.3157358064516,151.05378161290324,150.00804748387097
2030-11-01,109.42856196666666,108.25228126666667,106.89703166666666,108.68345083333334,107.52354323333334,106.18010846666667
2030-12-01,96.25441529032257,95.44880664516128,94.50768774193548,95.53774093548387,94.78889448387098,93.86489819354838
2031-01-01,106.19380251612903,105.28885135483871,104.11381051612904,105.21813435483871,104.33564296774193,103.21590667741935
2031-02-01,151.05307714285715,149.6769175,147.78479660714285,149.92365021428571,148.64649160714288,146.86974978571428
2031-03-01,180.03004193548387,178.2419117419355,176.25818358064515,178.08167277419355,176.40257222580647,174.40081177419353
2031-04-01,252.28373566666667,250.19070499999998,247.281769,252.05411966666668,249.88692966666667,247.229266
2031-05-01,282.8307829032258,282.9445264516129,282.4760748387097,281.4106461290323,281.1470180645161,281.32452322580644
2031-06-01,301.666794,302.95913666666667,303.190262,301.4603573333333,302.4955596666667,303.00901433333337
2031-07-01,271.88194967741936,271.96790483870967,272.10663193548385,272.8585470967742,273.11837741935483,272.8036206451613
2031-08-01,230.8389129032258,230.28920258064517,229.41318806451613,230.18888258064516,229.604444516129,228.61142387096774
2031-09-01,210.12348033333333,208.98624233333334,207.28291866666666,210.30073033333335,209.18602433333334,207.75126466666669
2031-10-01,138.7642376451613,137.65681383870967,135.9967378064516,136.20188358064516,135.1630632580645,133.62696493548387
2031-11-01,123.1515986,121.92764170000001,120.4368965,121.49792693333333,120.3266401,118.87130223333334
2031-12-01,93.09483906451614,92.05906599999999,90.91528338709676,92.1386514516129,91.14743119354839,90.05342061290322
2032-01-01,112.45968148387097,111.14921887096774,109.4749955483871,111.5090154516129,110.28004048387096,108.77128438709677
2032-02-01,154.23105586206896,152.74527144827584,150.86504448275863,154.3358095862069,152.94853837931035,151.18550665517242
2032-03-01,193.73762541935486,191.81389032258065,189.9231479032258,193.6049275483871,191.91551258064518,190.02552403225806
2032-04-01,259.2287743333333,257.8826078,256.1647526666667,258.164316,256.7163522,255.339373
2032-05-01,280.27419,279.85356322580645,279.11805258064516,282.62698677419354,281.75358677419354,281.65211967741936
2032-06-01,315.9850573333333,315.4302886666667,313.240723,317.0816543333333,316.078317,313.786097
2032-07-01,264.71030903225807,263.9834041935484,263.7872122580645,265.7262474193548,265.1230270967742,264.483125483871
2032-08-01,241.1651064516129,239.98357483870967,238.3771670967742,240.71088161290322,239.61319451612903,237.96878548387096
2032-09-01,218.71137099999999,217.59993933333334,216.27575433333334,218.16760066666666,217.16172533333335,216.05432066666665
2032-10-01,159.8950838387097,158.30234838709677,156.2876072903226,160.1147218064516,158.57493467741935,156.47545819354838
2032-11-01,101.86796863333333,100.97536633333333,99.84189363333333,101.0694309,100.26394253333333,99.1368296
2032-12-01,89.8701473548387,89.03547112903226,87.97206974193548,88.89655503225806,88.11749145161289,87.06913287096774
2033-01-01,104.2995944516129,103.38062741935484,102.09519783870968,103.27090296774195,102.43301290322582,101.2929484516129
2033-02-01,143.84082757142858,142.62106785714286,141.00027617857143,144.31693767857143,143.21126617857144,141.71793239285714
2033-03-01,200.16367290322583,198.34511003225808,195.8180780322581,200.4361308387097,198.7497123870968,196.08762387096775
2033-04-01,238.22998533333333,236.754671,234.31791966666665,238.617779,237.24455600000002,235.23308033333333
2033-05-01,257.3065387096774,256.6860022580645,255.45018483870967,256.62931387096774,255.67516903225805,255.1120722580645
2033-06-01,282.89008233333334,282.30683066666666,280.154549,284.58565566666664,283.5234776666667,281.3004476666667
2033-07-01,272.6971209677419,273.79071032258065,275.2514448387097,273.5489464516129,274.74657806451614,275.5366083870968
2033-08-01,259.4376793548387,258.5979080645161,258.0293064516129,258.6357080645161,257.6637532258065,256.8014948387097
2033-09-01,207.88749633333333,207.25760166666666,206.95174866666667,206.55241916666668,205.9266605,205.938794
2033-10-01,158.45663387096772,157.15246548387097,155.76336693548387,157.52554532258065,156.29174016129033,155.0004319032258
2033-11-01,113.59555313333334,112.43266553333333,110.8745695,113.07935663333333,111.92943906666666,110.2810448
2033-12-01,93.36459703225806,92.33944912903226,91.06740593548386,92.69647629032258,91.75213119354838,90.53427390322581
2034-01-01,108.67394851612904,107.99236806451613,106.87590545161291,107.19298570967742,106.54996341935484,105.55443693548388
2034-02-01,146.23138,144.7690784642857,142.97228128571427,146.71265342857143,145.44180210714288,143.82153250000002
2034-03-01,197.68203677419356,195.8752546451613,193.69604387096774,197.25112096774194,195.74314970967743,193.58374825806453
2034-04-01,222.50013253333333,221.42815666666667,220.63704833333335,221.80063033333332,220.74805366666666,220.32492066666666
2034-05-01,281.7344629032258,281.21367451612906,280.2996658064516,285.76642387096774,284.86401451612903,284.67839451612906
2034-06-01,312.72903533333334,313.52048833333333,313.46286200000003,311.22188666666665,311.6405623333333,311.745084
2034-07-01,277.88466387096776,277.7550080645161,278.1241641935484,278.0720990322581,277.9081248387097,277.6619564516129
2034-08-01,257.3586664516129,256.1488012903226,254.17366483870967,255.60072741935485,254.42477225806454,252.3974929032258
2034-09-01,221.64285900000002,220.56887033333334,218.72924566666669,221.01417066666667,219.9591135,218.28786899999997
2034-10-01,161.10288116129033,159.8504629032258,158.31048338709678,158.9870743548387,157.88659641935485,156.5002783548387
2034-11-01,113.1748413,111.94927686666666,110.52577256666667,112.20095973333333,111.01540913333334,109.61404186666667
2034-12-01,92.58175232258064,91.54053138709678,90.21088148387098,91.27379403225807,90.30675767741936,89.10447270967742
2035-01-01,108.10432361290322,106.86143922580645,105.23186948387097,107.19025193548387,106.00179467741935,104.43710287096775
2035-02-01,130.12269442857144,128.73329771428573,126.88827807142857,129.8847935,128.59708703571428,126.95498414285714
2035-03-01,199.35581806451611,197.5363543870968,195.35477174193548,198.90105596774194,197.27231612903225,195.1195375806452
2035-04-01,233.70977466666668,232.05384700000002,229.975943,232.63505466666666,230.94636966666667,229.17963566666668
2035-05-01,285.4532929032258,284.49741032258066,282.5688977419355,286.2662748387097,284.72690677419354,283.31403774193546
2035-06-01,296.73905433333334,297.1750836666667,296.96579633333334,299.18694866666664,299.0775923333333,298.84103066666665
2035-07-01,289.9423529032258,290.0511751612903,290.7516093548387,290.49069387096773,290.6919351612903,290.88236096774193
2035-08-01,250.9265464516129,250.1526777419355,248.9774841935484,251.1904648387097,250.5600270967742,249.42287354838712
2035-09-01,216.113087,214.4373216666667,212.04961566666668,216.932852,215.243607,212.91857
2035-10-01,167.91899374193548,166.21114941935485,164.2854472903226,168.35207645161293,166.79145822580645,164.9823764516129
2035-11-01,107.89889046666667,106.9572762,105.74815170000001,105.66968106666667,104.77875073333333,103.59431583333334
2035-12-01,90.98725732258065,90.10042961290323,89.177862,89.46213219354838,88.65128322580645,87.83730125806451
2036-01-01,110.85064677419355,110.04126658064516,108.93625358064517,109.00093438709676,108.21124338709677,107.1682014516129
2036-02-01,144.1978643103448,142.5830430689655,140.49499879310343,142.99463813793105,141.59063317241382,139.81479344827588
2036-03-01,199.05934838709678,197.60223032258065,195.52284806451615,198.73517290322582,197.46348335483873,195.34467838709676
2036-04-01,246.34956083333333,244.73278033333332,242.2315516666667,244.41915296666667,242.73153113333333,240.616834
2036-05-01,248.62856903225807,245.88106838709678,243.73428290322582,251.79884548387096,248.58285709677418,246.70618032258065
2036-06-01,308.703321,308.7261833333333,307.8340563333333,308.88567933333337,308.424503,307.3980123333333
2036-07-01,288.49484677419355,288.0620367741936,287.7592135483871,289.76754193548385,289.541525483871,288.7331041935484
2036-08-01,249.6019551612903,249.03984516129032,248.11164677419353,248.46528354838708,248.1219251612903,247.41323096774192
2036-09-01,210.733633,209.34399883333333,207.706068,209.82006199999998,208.46320583333332,207.11933933333333
2036-10-01,150.64845616129034,148.92783567741935,146.956305,149.19518403225806,147.49966125806452,145.56852529032258
2036-11-01,106.24886146666667,105.24104439999999,104.18085693333335,105.12062493333333,104.11994873333333,102.99041483333333
2036-12-01,87.64895593548388,86.58871874193548,85.19014174193548,87.14333058064516,86.16809977419355,84.90561861290323
2037-01-01,110.88906038709678,109.75777022580645,108.38998232258065,110.30572696774193,109.25652383870968,108.05985941935484
2037-02-01,152.79523907142857,151.3840399642857,149.76748460714288,151.67587675000001,150.31806892857142,148.77532321428572
2037-03-01,180.44097696774193,177.98004012903226,175.3477222580645,179.3416368387097,177.03013238709678,174.42800438709676
2037-04-01,232.00796899999997,229.996293,227.311522,231.44073,229.423182,227.03468233333334
2037-05-01,257.6003720967742,256.0447883870968,253.64329967741935,258.14013,256.2786009677419,254.50237241935486
2037-06-01,306.84542799999997,307.0739403333333,306.00087199999996,307.96530666666666,307.75517533333334,306.71464333333336
2037-07-01,294.89933548387097,295.17331645161295,295.5894393548387,295.144444516129,295.4574425806452,295.3399512903226
2037-08-01,241.21484774193547,240.65613129032258,240.1108670967742,240.05365419354837,239.60515806451613,239.07025419354838
2037-09-01,207.00839,205.2517105,202.87701266666667,206.3916516666667,204.65208966666665,202.44521433333333
2037-10-01,158.61708196774194,157.10572658064515,154.744419,158.5784201935484,157.22824496774194,154.9546631612903
2037-11-01,112.273954,111.25995123333334,110.11729053333333,110.6243966,109.64783179999999,108.58839433333334
2037-12-01,92.699704,91.59713719354839,90.07656638709678,91.52253038709677,90.50458996774194,89.06845387096774
2038-01-01,106.55059832258065,105.3380351935484,103.82945119354838,105.0046325483871,103.85175770967741,102.5148699032258
2038-02-01,156.62482178571426,155.32663792857144,153.4411567857143,155.09232660714287,153.89588657142858,152.23769482142856
2038-03-01,196.59605096774192,194.84121483870967,192.39819612903224,196.25888129032256,194.67454190322582,192.12118790322583
2038-04-01,255.487791,253.21294966666667,250.034347,255.08909866666667,252.75468166666667,249.83662233333334
2038-05-01,305.5666135483871,304.4011506451613,302.5540774193548,305.5627941935484,304.00882677419355,303.12396
2038-06-01,316.48558799999995,317.363633,317.41801366666664,317.05390466666665,317.55660900000004,317.8079246666667
2038-07-01,280.60469161290325,281.24543903225805,281.25174774193545,281.62534387096775,282.22488870967743,281.5410874193548
2038-08-01,274.45298677419356,273.9052116129032,273.0966464516129,273.2152080645161,272.6936974193548,271.7369206451613
2038-09-01,208.50902033333332,207.71149133333336,206.92019733333333,206.76665533333335,206.01490766666666,205.55009633333333
2038-10-01,158.52909193548388,156.98993677419355,154.8342354516129,158.87330306451614,157.42014432258063,155.24016919354838
2038-11-01,107.00015466666667,105.90132820000001,104.60698853333334,106.58508313333333,105.50331326666667,104.2036749
2038-12-01,96.47881841935484,95.44062932258065,94.25878858064516,95.91534035483872,94.94071987096774,93.77054693548386
2039-01-01,107.32387725806451,106.25702767741936,104.94439980645161,106.3479650967742,105.3486855483871,104.13728838709677
2039-02-01,155.91985032142858,154.4732524642857,152.66918567857144,155.48523717857142,154.1619395,152.48864678571428
2039-03-01,193.95130212903226,192.46157806451615,190.62888387096774,194.24763645161292,192.94414983870968,191.0577293548387
2039-04-01,259.6560436666667,258.38091033333336,255.85617933333333,262.0044643333333,260.6480213333333,258.19100099999997
2039-05-01,272.3251158064516,271.9125241935484,270.9574958064516,274.424170967742,273.6126554838709,273.15189483870967
2039-06-01,318.82308466666666,318.9899913333333,318.02784433333335,319.9401686666667,319.79773266666666,318.9090753333333
2039-07-01,261.4414470967742,260.50713451612904,260.2729532258065,261.3248696774194,260.35399193548386,259.5579158064516
2039-08-01,250.02322322580645,248.8865570967742,247.71142870967742,249.3025748387097,248.10578161290323,246.7341664516129
2039-09-01,209.55831,208.818925,208.01233599999998,208.26226846666668,207.558806,206.98453766666665
2039-10-01,153.57596112903227,152.24902,150.49415419354838,153.05216583870967,151.78141467741935,150.02540148387098
2039-11-01,109.69162633333333,108.82026773333334,107.51193276666666,108.83954263333334,108.0309798,106.76622516666666
2039-12-01,92.69353361290322,91.79394261290322,90.95800470967743,91.39343664516129,90.57257025806452,89.80071819354838
2040-01-01,110.36057106451612,109.65419258064516,108.58512487096775,109.28440922580646,108.64446841935484,107.68255961290323
2040-02-01,140.87316337931034,139.60562637931034,137.99824913793103,139.7246348275862,138.5308103448276,137.13850651724138
2040-03-01,206.13763432258062,204.42487364516128,202.37698451612903,206.05609270967742,204.64553535483873,202.67366677419355
2040-04-01,237.222646,235.6194165,233.3088745,235.84249933333334,234.08317813333332,231.95833466666667
2040-05-01,279.8353538709677,279.7001190322581,279.18164064516134,278.9866238709677,278.51366193548387,278.7967787096774
2040-06-01,312.10589633333336,312.07658299999997,311.0291673333333,312.42037400000004,312.0389856666667,311.0145693333333
2040-07-01,269.33485096774194,269.1124551612903,269.4165841935484,268.90653677419357,268.58305322580645,268.1979206451613
2040-08-01,255.73320161290323,255.06782935483872,253.69399903225806,255.07911322580645,254.4148887096774,252.97090258064517
2040-09-01,213.630039,212.21883483333335,210.336626,213.581358,212.31796333333335,210.80346716666665
2040-10-01,154.5796110967742,152.68631658064515,150.78623787096774,154.96162922580643,153.07239416129033,151.09646787096776
2040-11-01,112.10416766666667,110.77750293333334,109.39459783333334,111.08565300000001,109.7604512,108.29243563333333
2040-12-01,88.92503306451614,87.80632538709678,86.31957719354838,87.91182851612903,86.8791434516129,85.5315171935484
2041-01-01,106.94366603225807,106.03873312903225,104.84600119354839,106.03385564516128,105.21756761290322,104.2243528064516
2041-02-01,145.07522367857143,143.88227632142858,142.31122289285716,143.92025482142859,142.84948267857143,141.48068582142858
2041-03-01,194.1053183870968,193.0536662580645,191.59646696774195,192.78488729032256,191.95227593548387,190.44890387096774
2041-04-01,253.9643486666667,252.35967133333332,249.59494,252.76592866666667,251.14952333333335,248.65678233333333
2041-05-01,289.1476987096774,288.38366322580646,286.5459609677419,289.5807780645161,288.3469229032258,287.1430077419355
2041-06-01,312.590347,312.016415,310.1185586666667,313.13204299999995,312.28936366666665,310.4434186666667
2041-07-01,277.98448709677416,278.4071764516129,278.90943741935484,278.72079967741934,279.0863367741935,278.87185967741937
2041-08-01,238.2138829032258,236.82640580645162,235.4544306451613,238.18282967741936,236.88223419354838,235.3554358064516
2041-09-01,206.30950646666668,204.547677,202.52374713333333,204.6158845,202.81283083333335,200.832974
2041-10-01,165.20521987096774,163.8532210967742,162.37320100000002,164.35092516129032,163.01342754838709,161.4514525483871
2041-11-01,108.44992583333332,107.42893380000001,106.3502931,106.7420147,105.753279,104.75042856666667
2041-12-01,83.79267422580645,82.897956,81.92916170967742,82.39655177419355,81.5663749032258,80.70334393548386
2042-01-01,108.5783283548387,107.80054674193549,106.89557441935484,107.51148393548387,106.78427861290322,106.02519370967741
2042-02-01,150.50910907142858,149.62871392857141,148.84812239285716,149.52529714285714,148.79090625,148.29596685714287
2042-03-01,204.53779322580644,203.25528806451612,201.6134158064516,203.83811612903227,202.78171,201.24835
2042-04-01,250.57572900000002,249.70824466666667,248.144589,249.66217833333334,248.86575233333332,247.639251
2042-05-01,276.0448722580645,275.17789741935485,273.59116548387095,276.2177706451613,274.9804645161291,274.18773290322576
2042-06-01,317.360344,317.3131806666667,315.889262,318.2823803333333,317.715049,316.1258803333333
2042-07-01,288.82150419354844,289.9179774193548,290.9879777419355,289.2863264516129,290.41913193548385,290.87155903225806
2042-08-01,243.44451258064515,243.3908664516129,243.3248570967742,242.15724161290322,242.22037032258064,242.26734580645163
2042-09-01,193.94688779999998,192.812865,191.016532,192.58581133333334,191.609825,190.06915266666667
2042-10-01,164.70944145161292,163.48688548387096,161.76918058064516,163.01438548387097,161.8991656129032,160.2103635483871
2042-11-01,103.20960643333333,102.5893444,102.02496846666666,102.26741143333334,101.67595163333334,101.16113999999999
2042-12-01,89.87406351612903,88.98811012903225,87.9101612580645,88.87049374193549,88.06948012903226,87.04082887096774
2043-01-01,106.96038277419355,105.89006067741936,104.51013283870967,106.38220116129033,105.38612832258065,104.13513106451612
2043-02-01,148.02034207142856,146.791825,145.31940557142858,146.84925535714288,145.7041257142857,144.31661307142858
2043-03-01,192.171216,190.5453462580645,188.84628480645162,191.3073808387097,189.82827580645161,188.13240612903226
2043-04-01,245.26568086666666,243.69889313333334,241.53626266666666,246.46916199999998,245.00684233333334,243.179451
2043-05-01,284.51927322580644,283.6302816129032,282.01341903225807,285.1766851612903,283.97365129032255,283.09192677419355
2043-06-01,302.35845766666665,302.547696,301.13295300000004,303.1370606666667,303.06026366666663,301.576951
2043-07-01,282.5165380645161,283.21387483870967,283.9127222580645,282.3982412903226,283.1325370967742,283.22443612903226
2043-08-01,259.5476174193548,259.22976677419354,258.15741677419356,258.28716838709676,258.1336225806451,256.97608677419356
2043-09-01,211.541166,209.83257666666668,207.68772900000002,210.70911466666666,209.14559333333332,207.29917333333333
2043-10-01,163.51953548387095,162.22051522580645,160.91493338709677,163.47276806451615,162.2429535483871,160.9041808064516
2043-11-01,106.13547446666666,105.18367363333333,104.08117563333333,104.77975316666667,103.89991396666666,102.85721360000001
2043-12-01,90.63639683870967,89.47697709677419,88.01941516129033,89.79757232258063,88.66034503225806,87.23745522580646
2044-01-01,101.61474270967743,100.79379848387097,99.5115021935484,100.41089709677419,99.65711170967742,98.44860016129033
2044-02-01,141.78438537931035,140.65650762068964,139.4129435172414,141.20106120689655,140.11320603448277,138.9347687586207
2044-03-01,212.1931030967742,210.19994483870968,207.5649941935484,212.37748141935484,210.68764112903224,208.05235677419356
2044-04-01,232.44307953333333,230.49710433333334,227.9445765,231.835024,229.8211858,227.59083533333333
2044-05-01,293.6221029032258,293.22181032258067,292.500519032258,292.08955322580647,291.22672161290325,291.2243632258065
2044-06-01,306.225861,306.6593256666667,306.25063666666665,305.998797,305.98309766666665,305.5192543333333
2044-07-01,278.08378419354835,277.41940322580643,277.4351741935484,279.4886535483871,279.00479096774194,278.49998967741936
2044-08-01,252.25998548387096,250.4412112903226,248.7511119354839,252.46999612903227,250.71711322580646,248.88108032258066
2044-09-01,214.78599433333332,212.86739166666666,210.502666,215.42831433333333,213.5306193333333,211.2939
2044-10-01,165.78507177419357,164.25861822580646,162.3930364516129,164.81524177419357,163.40162012903227,161.62979909677418
2044-11-01,111.93741656666666,111.13575886666668,110.17641163333333,110.79513513333333,110.01681763333333,108.99145360000001
2044-12-01,95.36887383870967,94.45755719354838,93.51925329032258,94.06800861290323,93.20700319354839,92.30712264516129
2045-01-01,98.36611251612902,97.53005564516128,96.6201433548387,96.8124667419355,96.07719048387098,95.38925848387096
2045-02-01,150.78563767857142,149.45292482142855,147.6870187142857,150.37509914285715,149.12622232142857,147.49839914285715
2045-03-01,192.94155322580644,191.34947358064517,189.53928722580645,192.00617438709676,190.60721999999998,188.76125496774196
2045-04-01,234.37669400000001,232.93007533333332,231.35185353333333,234.73096166666667,233.24048219999997,231.94100166666666
2045-05-01,283.15382322580643,282.29020483870966,280.6584538709678,283.4495270967742,282.2250180645162,281.32226225806454
2045-06-01,307.51226633333334,307.86303633333335,306.7945986666667,307.90313333333336,307.878764,306.77817566666664
2045-07-01,273.816525483871,273.54677451612906,273.35970838709676,275.7186029032258,275.4619216129032,274.68342096774194
2045-08-01,261.03298387096777,259.7376209677419,257.9522270967742,260.0806403225807,258.80782161290324,256.7983129032258
2045-09-01,198.17714933333335,197.54671486666666,196.35773833333332,196.0340431666667,195.55986766666666,194.76391700000002
2045-10-01,159.8312577419355,158.71283451612902,157.3520822580645,156.55499193548386,155.59933351612904,154.4464704516129
2045-11-01,110.51557446666668,109.53363399999999,108.1398571,109.9610186,109.04114933333334,107.61228766666666
2045-12-01,90.89785393548387,89.75273303225806,88.35742832258065,89.91768112903226,88.86023358064516,87.55186490322582
2046-01-01,108.07847570967742,106.82267074193548,105.26564970967742,107.1041406451613,105.905777,104.46071454838709
2046-02-01,151.3963907142857,149.98040760714284,148.2719537142857,151.01975946428573,149.69668907142858,148.13586457142856
2046-03-01,194.452325483871,193.3457059354839,191.8803470967742,194.76439987096776,193.8708570967742,192.3980429354839
2046-04-01,227.09762800000001,225.029189,222.20651186666666,229.221024,227.10442903333333,224.4595551333333
2046-05-01,285.81682161290325,284.12435612903226,282.2670916129032,286.55722032258063,284.37963193548387,283.0726138709677
2046-06-01,325.8017043333333,325.88054600000004,324.9886896666667,326.25817266666667,326.023049,325.27495933333336
2046-07-01,296.84306387096774,297.12437645161293,297.7848358064516,297.3863887096774,297.62568612903226,297.64553838709674
2046-08-01,246.1789629032258,245.32751516129034,244.23212870967743,246.85150387096775,245.99587322580646,244.67688096774194
2046-09-01,211.30734333333334,209.6529996666667,207.54697066666668,212.79352166666666,211.305444,209.471053
2046-10-01,158.58062370967744,157.13685306451612,155.27817732258063,156.30742677419354,154.931651,153.2422903548387
2046-11-01,105.66626883333333,105.2061224,104.4594726,104.13863626666667,103.7371026,103.03829256666667
2046-12-01,85.03394519354839,84.20457374193548,83.13931612903225,83.94003648387097,83.17312729032258,82.22740206451614
2047-01-01,106.58348419354839,105.51700361290322,104.07167016129033,105.81677648387097,104.78678,103.40452370967742
2047-02-01,149.0952325357143,147.6755425357143,145.75018960714286,148.13687757142858,146.75039410714285,144.9664532857143
2047-03-01,198.30917806451615,197.11963096774193,195.46915851612903,196.9634693548387,195.87330496774194,194.15421951612905
2047-04-01,258.44283733333333,256.6002213333333,253.75155099999998,257.38674933333334,255.61583566666664,253.1775013333333
2047-05-01,271.2355274193548,269.10004354838713,266.32800967741935,272.97177870967744,270.3902980645161,268.22175193548384
2047-06-01,311.854158,311.31261766666665,309.92859000000004,314.62264366666665,313.64078033333334,312.02662433333336
2047-07-01,285.22978064516127,286.02987354838706,287.47955612903223,283.4410293548387,284.25137806451613,285.20861096774195
2047-08-01,246.84080612903225,245.10982903225806,243.30716709677418,248.39377806451614,246.70818870967742,244.81757258064516
2047-09-01,199.51870963333334,198.7023415,197.95018046666667,197.636822,196.77549266666668,196.22524013333336
2047-10-01,171.34386774193547,169.93543277419357,168.0246406451613,169.93536141935485,168.69930987096777,166.9971016129032
2047-11-01,108.19562326666666,107.09443183333333,105.56182170000001,107.16668426666666,106.10088820000001,104.5580409
2047-12-01,91.02778903225807,90.27193458064515,89.18565493548387,89.99314683870968,89.2561595483871,88.15883087096775
2048-01-01,108.67716906451612,107.77474693548388,106.49863051612904,107.73639751612903,106.92581883870967,105.80728141935484
2048-02-01,139.928724,138.8522519310345,137.6213308275862,137.83740068965517,136.87620672413794,135.8391924137931
2048-03-01,195.18806374193548,193.19784322580645,190.64936080645163,194.51072358064516,192.77978367741937,190.1625625806452
2048-04-01,258.7986716666667,257.390697,255.033286,258.60886166666666,257.2354946666667,255.104085
2048-05-01,279.46823870967745,279.2643070967742,278.3195058064516,281.3076122580645,280.61368822580647,280.11856593548384
2048-06-01,297.4319213333334,297.5372223333333,296.555185,298.95012099999997,298.735633,297.6343816666667
2048-07-01,269.99288322580645,270.3491693548387,271.3613251612903,270.4744819354839,270.8147903225806,271.19323258064514
2048-08-01,236.00953806451614,234.9419551612903,233.68957161290322,234.80721548387098,233.77059129032259,232.43425354838712
2048-09-01,217.95637399999998,216.57181933333334,214.69907800000001,216.36849166666667,215.05820233333333,213.58573166666667
2048-10-01,158.88386358064517,156.93706741935486,154.8051304516129,158.56010806451613,156.7081337096774,154.64743809677418
2048-11-01,108.69606066666667,107.7106843,106.71140569999999,106.86880703333333,105.90369936666666,104.93324906666666
2048-12-01,94.30667270967743,92.94660235483872,91.31932203225807,94.34749929032257,93.06294277419356,91.47682503225806
2049-01-01,110.18404722580645,109.25280206451613,107.74701154838709,109.53685974193549,108.67755858064517,107.27996961290323
2049-02-01,147.29794850000002,145.93897071428572,144.395642,146.7034545,145.39656717857142,144.04613732142857
2049-03-01,200.77947303225807,198.75442838709677,196.3349585483871,201.25404516129032,199.4525888387097,197.06587483870968
2049-04-01,250.44117466666665,248.13380700000002,244.798036,249.62753633333335,247.32664766666667,244.36052566666666
2049-05-01,295.1645077419355,294.8693251612903,293.78759677419356,296.495614516129,295.73276258064516,295.2980735483871
2049-06-01,325.59047,325.89775466666663,325.253937,327.47197266666666,327.3068603333333,326.6401623333333
2049-07-01,277.66352064516127,277.03399129032255,276.3361893548387,278.40841645161294,277.7719548387097,276.5061003225806
2049-08-01,250.56552806451612,249.57515806451613,248.42604516129032,249.25201,248.23135096774192,246.88000483870968
2049-09-01,204.93053933333334,204.96051666666665,204.60620566666665,202.76705433333333,202.87990399999998,202.87866
2049-10-01,154.7984576129032,153.81847322580646,152.5337064516129,155.20923129032258,154.15401341935484,152.8297570967742
2049-11-01,120.9408294,119.66071933333335,118.18908263333333,120.17907453333333,118.94929026666667,117.47456296666665
2049-12-01,88.98082970967742,88.25593280645161,87.21660987096774,88.10761622580645,87.43321448387097,86.44616606451612
2050-01-01,104.44464332258065,103.67171067741936,102.53951109677419,103.79061093548387,103.08981406451613,102.10310358064515
2050-02-01,154.38139910714287,153.10686910714284,151.194103,153.93995735714287,152.79623514285714,151.0293447142857
2050-03-01,201.60744725806452,199.10519774193548,195.52054516129033,201.36940258064516,199.09136245161292,195.4813948387097
2050-04-01,224.27449233333334,221.899628,219.126882,224.40280783333336,221.91936683333333,219.29865936666667
2050-05-01,267.321234516129,267.05033793548387,266.5175066451613,267.72962451612904,266.961484516129,266.8155941935484
2050-06-01,318.0648806666667,317.8372703333333,316.27722866666664,318.33821666666665,317.7301463333333,316.25241166666666
2050-07-01,286.4781506451613,286.7446712903226,286.9422951612903,285.7165970967742,286.1478706451613,286.01753483870965
2050-08-01,262.96818580645163,262.04191709677417,260.87375032258063,263.1301735483871,262.2504748387097,260.9522474193549
2050-09-01,226.66067933333335,224.75738166666667,222.33746766666667,226.32107933333333,224.47292933333335,222.261728
2050-10-01,159.48134012903225,157.8412808064516,155.88845048387097,159.21814161290322,157.61995903225804,155.70043758064517
2050-11-01,116.90856573333333,115.90988193333332,114.59291576666666,114.91368206666668,113.9607422,112.66667149999999
2050-12-01,93.31058280645162,92.3451044516129,91.05639570967742,92.36823383870968,91.49607474193549,90.28962016129032
2051-01-01,108.63210219354838,107.6581150967742,106.26810493548386,107.87361703225807,106.9991345483871,105.81569248387096
2051-02-01,151.44061171428572,150.02734864285713,148.2378107857143,151.16046653571428,149.84646417857144,148.235284
2051-03-01,213.15268451612903,211.75122419354838,210.1238751612903,211.76544774193547,210.67658129032256,209.2810329032258
2051-04-01,239.901242,238.20695646666667,236.24639213333333,241.14403183333334,239.39429913333333,237.69252933333334
2051-05-01,279.82972516129036,279.79047612903224,279.5679783870968,280.60247354838714,280.1354312903226,280.56525064516126
2051-06-01,333.90381499999995,333.59025233333335,332.08569900000003,332.825247,332.13078666666667,330.84222866666664
2051-07-01,292.01769161290326,291.9631435483871,291.7081258064516,292.8081632258065,292.8291264516129,292.04308
2051-08-01,266.417045483871,265.26479193548386,263.7748967741935,266.22489903225807,265.14367161290323,263.47444677419355
2051-09-01,232.065271,229.87454633333334,227.13199799999998,231.66034566666667,229.62170933333334,227.300373
2051-10-01,167.2953395483871,165.6664582580645,163.49230303225806,167.46028,165.86082241935483,163.55128096774195
2051-11-01,113.32986423333334,112.28081389999998,111.02678253333333,111.52934646666667,110.51065223333333,109.30337706666667
2051-12-01,90.03353574193548,89.23494229032258,88.20914638709677,89.24073332258064,88.56838045161291,87.70683764516129
2052-01-01,113.59898635483871,112.34558299999999,110.67796051612903,112.99445929032258,111.80997819354839,110.25782948387096
2052-02-01,151.3454041724138,149.8333046551724,147.87494620689657,151.26047655172414,149.81773344827587,147.94265103448276
2052-03-01,202.29740258064516,200.26954374193548,197.73732967741935,202.42892548387098,200.65404858064517,198.26529806451612
2052-04-01,235.48980133333333,233.24150846666666,229.87617866666668,236.25728033333334,233.9832176666667,230.843157
2052-05-01,291.61677838709676,290.2763335483871,288.0850706451613,292.3718880645161,290.5238812903226,288.8904035483871
2052-06-01,320.86926366666665,320.6859143333333,319.21481033333333,322.03213566666665,321.402671,319.77317366666665
2052-07-01,288.96290258064516,288.43439903225806,287.71052612903225,290.59853354838714,290.1768374193548,288.7748125806452
2052-08-01,264.44321677419356,264.02914483870967,263.4782764516129,263.52109548387097,263.1621819354839,262.4872751612903
2052-09-01,213.82125683333334,213.08230866666665,211.85514133333334,211.577605,210.9488516333333,210.13270266666666
2052-10-01,149.93186758064516,148.32503,146.77145048387098,149.70965903225806,148.2299645483871,146.75505067741938
2052-11-01,114.6614291,114.06996753333333,113.2411236,113.67925793333333,113.11789513333333,112.28181083333334
2052-12-01,92.2834039032258,91.27169603225806,89.80447941935483,91.14123674193549,90.26643864516129,88.90424796774194
2053-01-01,100.03323780645162,99.12035077419354,97.793049,99.1817050967742,98.35790893548388,97.16135470967741
2053-02-01,153.9245072857143,152.36184842857142,150.44243107142856,154.089505,152.5771755357143,150.71469535714286
2053-03-01,194.28684741935484,192.67582064516128,190.69226012903226,193.04646580645164,191.6695335483871,189.7704801612903
2053-04-01,219.88853,218.4003278666667,216.7364955333333,218.42688230000002,216.85168633333333,215.50620433333333
2053-05-01,263.64500983870965,261.93542496774194,259.6343009677419,264.83421529032256,262.7288764516129,260.8940061290322
2053-06-01,307.31158866666664,305.8586746666667,303.38693166666667,308.32574033333333,306.47321633333337,303.85795766666666
2053-07-01,296.548074516129,296.7200783870968,296.8851522580645,295.6490761290322,295.93747709677416,295.60851580645163
2053-08-01,255.38554612903226,254.87466483870966,254.24231870967742,255.03469129032257,254.3859051612903,253.4651451612903
2053-09-01,214.37344733333333,213.05960666666667,211.46975133333333,213.89593933333333,212.59429866666667,211.20891466666666
2053-10-01,161.47352709677418,160.2976548387097,158.85831322580646,158.9312383548387,157.86844067741936,156.64965806451613
2053-11-01,106.3809401,105.4094329,104.2103962,105.03803450000001,104.0767332,102.83906206666667
2053-12-01,88.50274077419355,87.46024083870967,86.25736667741936,87.21656641935483,86.22801322580645,85.05416267741936
2054-01-01,103.45341,102.23922687096774,100.65722022580646,102.1372049032258,101.04497222580645,99.66574738709677
2054-02-01,145.63202342857144,144.05581032142857,141.87328278571428,145.25802103571428,143.82135157142858,141.87933828571428
2054-03-01,184.00850980645163,182.458756,181.16273983870968,182.94914258064517,181.5691408064516,180.27454516129032
2054-04-01,241.17051099999998,240.33057133333335,239.02211333333335,241.41873333333334,240.57404333333335,239.59555833333334
2054-05-01,272.81659645161295,272.0914206451613,270.633494516129,275.58054225806455,274.4985303225806,273.7324064516129
2054-06-01,319.63311633333336,320.5474526666667,320.18288466666667,319.1348496666667,319.59434266666665,319.2576163333333
2054-07-01,295.12697999999995,295.73650741935484,296.5112877419355,295.09758064516126,295.8057241935484,296.1055480645161
2054-08-01,237.3812812903226,235.42269322580646,233.9289864516129,237.76560322580644,235.74711193548387,234.11048354838712
2054-09-01,219.67421533333334,217.777433,215.324791,217.23237733333332,215.37127633333333,213.18852766666666
2054-10-01,161.06327548387097,159.49065241935483,157.73564212903227,160.90445338709677,159.33799148387095,157.5489866129032
2054-11-01,107.6681809,106.59939616666666,105.31339596666666,107.235772,106.20037953333333,104.86644493333333
2054-12-01,95.4497823548387,94.54452006451613,93.28563441935484,94.32328032258064,93.51579248387097,92.29808577419355
2055-01-01,112.592837,111.72713203225806,110.61224135483872,111.6625744516129,110.84499370967742,109.87476119354838
2055-02-01,153.82003742857142,152.37262917857143,150.32936964285713,154.20744371428572,152.89451157142858,150.97557160714285
2055-03-01,195.27667387096776,193.66887145161292,191.74437158064515,194.64396580645163,193.16897287096776,191.13584309677418
2055-04-01,262.934167,260.99410700000004,257.84182733333336,263.9427733333333,261.93636366666664,258.95616033333334
2055-05-01,297.9569809677419,297.70705387096774,295.95519483870964,298.1508016129032,297.55529903225806,296.77318322580646
2055-06-01,313.5783123333333,313.4248096666667,312.25739433333337,313.557615,312.93396366666667,311.715574
2055-07-01,286.7120616129032,286.55825258064516,286.29987677419354,287.5429738709678,287.49196451612903,286.592324516129
2055-08-01,234.08133096774193,232.92923741935482,231.4674312903226,234.3642251612903,233.19116322580643,231.40658838709678
2055-09-01,221.9832058,220.35990813333333,217.86139633333332,221.88808933333334,220.371041,218.02936233333332
2055-10-01,165.70975787096776,164.0914027419355,162.54072806451612,165.18052516129032,163.77294803225806,162.27739351612905
2055-11-01,119.32942566666667,118.16778483333333,116.63622566666666,118.26319029999999,117.12860826666666,115.56548613333332
2055-12-01,88.27094338709678,87.22062658064517,86.04269341935483,87.56069748387097,86.59872612903227,85.46574629032257
2056-01-01,114.79975419354838,114.03466625806452,112.93282077419356,114.08548403225807,113.42945903225805,112.49813370967742
2056-02-01,150.225845,148.95420086206897,147.34776386206897,149.46652620689656,148.3141375172414,146.84910048275862
2056-03-01,212.0644316129032,210.50589677419353,208.30524387096773,212.88669238709676,211.55922580645162,209.34361032258064
2056-04-01,233.62010899999999,232.46471733333334,230.73332466666668,234.1448606666667,232.75562833333333,231.07667133333334
2056-05-01,302.5588106451613,301.7745435483871,299.98841806451617,303.53250677419356,302.3412112903226,301.3089558064516
2056-06-01,315.98765833333334,315.860949,314.65687933333334,316.05882533333335,315.54000033333335,314.310323
2056-07-01,290.42468806451615,290.26844,290.16467677419354,290.3262051612903,290.1925696774194,289.511945483871
2056-08-01,247.41333387096776,246.0881077419355,244.77410774193547,247.60455290322582,246.35431451612905,245.06212225806453
2056-09-01,220.27365233333333,218.52364946666665,216.30752433333333,219.07083400000002,217.32752620000002,215.47275470000002
2056-10-01,157.33767516129032,156.02880051612902,154.80455687096773,156.03351,154.85011287096773,153.7949191935484
2056-11-01,112.31112956666666,111.48233813333333,110.35811396666666,111.52779393333334,110.76566893333333,109.59785719999999
2056-12-01,89.88205319354839,89.11235180645161,87.96339316129033,88.78164777419354,88.1312574516129,87.13602564516128
2057-01-01,114.2134075483871,112.9249252580645,111.39497303225806,113.49503403225806,112.24994241935484,110.8766925483871
2057-02-01,147.36713914285716,146.30476278571427,144.86913142857142,146.8609541785714,145.91615103571428,144.62086021428573
2057-03-01,209.9242835483871,207.51038464516128,204.4702443548387,209.89700032258065,207.72237451612904,204.4791648387097
2057-04-01,213.76807616666667,211.2728493,208.3759533333333,212.23961966666667,209.6184878,206.91873786666665
2057-05-01,284.0910132258065,282.59365612903224,280.4919183870968,284.57353774193547,282.52583741935484,280.89403741935485
2057-06-01,307.4063463333333,306.90567966666663,305.50266999999997,307.43358866666665,306.46935666666667,305.04759433333334
2057-07-01,301.5329058064516,302.43836032258065,303.1625196774193,301.2333970967742,302.3518419354839,302.63106612903226
2057-08-01,241.06111290322582,240.92163096774195,240.86382322580644,238.44189741935483,238.3806016129032,238.35211032258064
2057-09-01,208.84872666666666,207.94713233333331,207.04442586666667,209.39733633333333,208.568276,207.94586016666665
2057-10-01,170.7875101612903,169.57757903225806,167.9373406451613,170.5922006129032,169.55974516129032,168.14105148387097
2057-11-01,107.9577987,107.09767796666667,106.02748406666666,106.3134733,105.52716076666667,104.55761816666667
2057-12-01,90.38050000000001,89.59033216129032,88.46549216129033,89.348335,88.61457683870968,87.5400171935484
2058-01-01,108.72007629032258,107.79553883870967,106.59266909677419,107.77398432258063,106.94299993548387,105.89551348387097
2058-02-01,148.4195432142857,147.03071592857142,145.39125914285714,147.2437294642857,145.91332864285715,144.4501125
2058-03-01,194.36786709677418,192.58974887096775,190.48070964516128,195.61695970967745,194.00336096774194,191.82010535483872
2058-04-01,228.07131646666667,225.53522400000003,222.51443933333334,227.90341966666668,225.313834,222.634591
2058-05-01,288.71532580645163,288.3495848387097,287.13212741935484,288.2264416129032,287.5532751612903,287.1983906451613
2058-06-01,305.851961,305.56953200000004,304.29007633333333,306.213501,305.506192,304.188206
2058-07-01,288.58345322580647,288.61706225806455,289.0050335483871,289.5999370967742,289.65057548387097,289.45446258064516
2058-08-01,249.30813096774193,248.35900612903225,247.07187129032258,247.15999516129034,246.2879693548387,245.10052096774194
2058-09-01,231.42347833333332,229.71944433333334,227.24878566666666,230.84356366666668,229.18772066666668,227.00070033333336
2058-10-01,149.9481316129032,148.52796070967742,146.59246367741937,148.78544077419355,147.3698291612903,145.43078854838708
2058-11-01,111.58004933333333,110.79179813333333,109.84924643333333,109.64811643333333,108.9465333,108.16770143333333
2058-12-01,87.80259351612904,86.75638951612902,85.50641232258064,87.31070629032259,86.39663822580644,85.29221416129032
2059-01-01,106.76081709677419,106.05285087096775,104.95209677419355,104.83688929032259,104.2610664516129,103.40776693548386
2059-02-01,148.31015442857142,146.74074517857142,144.56516342857142,148.07009785714285,146.5703430714286,144.50747392857144
2059-03-01,202.03347793548386,200.4978522580645,198.414756,200.3365859677419,199.04562741935484,197.03149451612902
2059-04-01,226.86560546666666,225.30042633333332,222.983552,224.70433913333332,222.96628533333333,220.839962
2059-05-01,284.8066177419355,284.4618183870968,283.26773741935483,286.16317032258064,285.4414619354839,284.9860729032258
2059-06-01,331.5715456666667,331.6776496666667,330.50137866666665,332.25782,331.912316,330.74991800000004
2059-07-01,286.5845235483871,286.8199506451613,287.0788135483871,286.9343016129032,287.3052074193548,287.1249222580645
2059-08-01,246.361425483871,246.04175161290325,245.59288096774193,245.71044580645162,245.42481129032257,244.86004580645164
2059-09-01,213.053519,211.62677766666667,209.98974099999998,212.67872433333332,211.34299566666667,210.001182
2059-10-01,165.69630083870967,163.8757162580645,161.7245943548387,164.7070006451613,162.8323708387097,160.48772741935485
2059-11-01,112.62043216666666,111.8519782,111.01180443333332,111.5448007,110.7807161,109.91698190000001
2059-12-01,85.95171474193549,85.10179525806451,83.95330916129032,85.05223464516129,84.27775483870968,83.20670461290322
2060-01-01,108.35200193548387,107.66505777419354,106.67898548387096,107.70578225806452,107.05648951612903,106.13421877419354
2060-02-01,142.3874777241379,140.95957034482757,139.12976837931035,141.51417296551725,140.2222142758621,138.61612951724138
2060-03-01,208.04928451612903,206.22133387096775,203.80497193548388,207.58599290322582,205.98861096774192,203.5367793548387
2060-04-01,256.2148446666667,254.44054366666666,252.30896433333334,256.7797146666667,255.045018,253.1858793333333
2060-05-01,273.8253574193548,272.71838451612905,271.37708709677423,276.74231290322575,275.0052380645161,274.1245264516129
2060-06-01,320.5399003333333,319.976542,317.46676833333333,322.43742366666663,321.47074499999997,318.7987296666667
2060-07-01,272.41967548387095,271.5004203225806,270.3113041935484,271.9865348387097,271.2190764516129,269.7100377419355
2060-08-01,245.67081,244.89240709677418,243.68883193548388,245.85612387096776,245.1623377419355,243.74755677419355
2060-09-01,214.54004466666666,212.98286133333335,211.04753433333335,214.32664166666666,212.80305466666667,210.9872748
2060-10-01,164.48299238709677,163.31200561290322,162.04951067741936,163.17014,162.11100774193548,161.0285019354839
2060-11-01,109.6320168,108.70135626666666,107.4873709,108.24302166666666,107.34975726666667,106.1948857
2060-12-01,89.19902300000001,88.13169400000001,86.71267341935484,88.41826922580645,87.42771938709677,86.01707180645161
2061-01-01,107.6480715483871,106.57851438709677,105.19406103225806,107.06692751612903,106.06037232258065,104.74537532258064
2061-02-01,145.84660089285714,144.60851510714286,142.8069125,145.81832892857145,144.73335835714286,143.08409671428572
2061-03-01,213.81417129032258,212.2087164516129,209.99790354838711,212.54842548387097,211.2974783870968,209.32677838709677
2061-04-01,252.1214556666667,249.63510246666667,246.46274033333333,253.507565,250.94987766666665,247.9485063333333
2061-05-01,284.5243732258064,282.7950777419355,279.98750290322585,284.9520012903226,282.80122290322583,280.60793548387096
2061-06-01,303.8925846666667,303.83118233333335,302.95332733333333,305.32922133333335,304.85836233333333,303.91141400000004
2061-07-01,268.62505161290323,267.31216193548386,267.01833193548384,271.76326129032253,270.4712119354839,269.6753803225806
2061-08-01,243.90152032258067,242.7314164516129,240.6729093548387,245.90682387096774,244.83836096774195,242.59815741935483
2061-09-01,221.80343333333334,220.747524,219.0908725,220.514412,219.50484833333334,218.15639133333335
2061-10-01,162.45501709677418,161.29593483870968,159.6144406451613,160.65524870967744,159.71756632258064,158.24466903225806
2061-11-01,106.57812546666666,105.1186696,103.51501119999999,106.57052643333333,105.10783223333333,103.42903886666666
2061-12-01,93.71820193548386,92.88946167741935,91.80573167741936,92.70767464516129,91.9766615483871,90.97120725806452
2062-01-01,104.45223112903226,103.50882367741936,102.15535509677419,103.13470483870968,102.29212832258064,101.08222248387098
2062-02-01,146.53481525,145.28501110714285,143.65771285714285,144.86318525,143.64196635714285,142.10416696428572
2062-03-01,194.7780641935484,193.52707387096774,191.44320774193548,192.9524915483871,191.9328235483871,190.01472177419353
2062-04-01,251.0230513333333,249.599107,247.285377,251.70949666666667,250.444646,248.60279766666665
2062-05-01,301.48003516129035,301.3174903225806,299.8522641935484,300.6007938709678,299.95651,299.1541693548387
2062-06-01,322.5081083333333,322.72104533333334,322.078156,322.39508266666667,322.16308366666664,321.6152123333333
2062-07-01,292.28616064516126,292.5890293548387,292.47458064516127,291.96551774193546,292.42787483870967,291.91099354838707
2062-08-01,239.94572096774195,239.1064229032258,237.71869290322581,238.94066741935484,238.19881096774193,236.79180693548386
2062-09-01,222.184174,221.470944,220.36685200000002,220.56393766666667,219.94878533333335,219.23002833333334
2062-10-01,169.6733970967742,167.98142258064516,166.00109177419355,168.5925108387097,167.01187129032257,165.14987916129033
2062-11-01,111.4963886,110.19766616666668,108.5901153,110.4714348,109.22519733333334,107.61445546666667
2062-12-01,88.27486267741935,87.56005461290322,86.36449574193549,87.27832725806452,86.63342809677418,85.4925328064516
2063-01-01,103.34419361290323,102.33687293548387,100.74540725806452,102.30968158064516,101.40549203225807,99.9752804516129
2063-02-01,155.48874821428572,154.21412985714284,152.30367225,154.84414964285716,153.66547678571428,151.88417946428572
2063-03-01,202.0727291612903,200.172234,198.07986677419356,201.81106177419355,200.01554774193548,197.84420451612903
2063-04-01,233.94839233333332,231.93549133333332,228.68222183333333,233.83385833333335,231.880092,228.94077466666667
2063-05-01,288.99671774193547,288.4806316129032,287.1693148387097,287.6258064516129,286.5788277419355,285.89903258064516
2063-06-01,324.00232,324.247863,323.2719093333333,325.0505923333333,324.8759616666667,323.8228363333334
2063-07-01,285.0284548387097,286.2252225806452,287.46784451612905,283.8180709677419,285.02642225806454,285.74860096774194
2063-08-01,257.6480774193548,256.3486680645161,254.7719577419355,257.81085129032255,256.5721612903226,254.9114570967742
2063-09-01,226.5228943333333,224.71353466666667,222.25355066666668,225.676525,223.93366733333332,221.70523033333333
2063-10-01,156.0271477419355,154.4076137096774,152.7823670967742,155.27576838709678,153.7196392903226,152.11326632258064
2063-11-01,114.03090643333333,112.95461253333333,111.65429496666667,113.61087323333332,112.58878376666667,111.19006313333333
2063-12-01,93.05021316129032,92.17598916129033,90.9636050967742,91.84561890322581,91.05787683870967,89.99542064516129
2064-01-01,112.42399087096774,111.30779674193548,109.817848,111.5053724516129,110.47420006451613,109.1385705483871
2064-02-01,140.34759727586206,139.00717668965515,137.3509943448276,138.4246881034483,137.18331020689655,135.7719655172414
2064-03-01,202.02114161290322,200.86465096774194,199.34902612903227,202.28587258064516,201.3323356451613,199.85930470967742
2064-04-01,245.733294,244.87655099999998,242.98842766666667,245.66460466666666,244.76404033333336,243.17437866666666
2064-05-01,264.95895903225806,263.39767161290325,261.1906629032258,265.43677354838707,263.59876129032256,262.23474870967743
2064-06-01,329.05163833333336,328.322526,326.269734,330.0780403333334,329.0285843333333,326.9922723333333
2064-07-01,292.97628935483874,293.50902548387097,294.47891580645165,292.3593003225807,292.8281664516129,293.1384135483871
2064-08-01,249.7454170967742,249.5512670967742,249.43621387096775,247.2126035483871,246.9881529032258,246.9770158064516
2064-09-01,214.66076999999999,213.05197433333333,211.019832,214.99007533333332,213.36505966666667,211.52375933333332
2064-10-01,172.92759677419355,171.64940580645163,169.94001077419355,171.9129593548387,170.74321048387097,169.04549535483872
2064-11-01,110.3550526,109.30946666666667,107.93573316666667,110.01377146666667,109.0519338,107.70935589999999
2064-12-01,88.83093067741936,87.89608829032258,86.69955745161289,87.4501449032258,86.61258316129033,85.55329503225806
2065-01-01,113.17758341935485,111.96807112903225,110.09875312903225,112.3864143548387,111.21739783870967,109.43003251612903
2065-02-01,152.59738928571429,151.2658880357143,149.31711139285716,153.34248985714288,152.1318564285714,150.40259089285715
2065-03-01,204.8756787096774,203.0442458064516,200.74640303225806,205.08058016129033,203.52787322580645,201.2516670967742
2065-04-01,244.98426633333335,243.3491963333333,240.86704033333334,244.08841233333334,242.39681066666668,240.189239
2065-05-01,289.0858106451613,288.19129129032257,287.1362658064516,289.2496135483871,287.95173903225805,287.67866290322576
2065-06-01,309.45949633333333,308.779418,307.805287,309.671223,308.57534300000003,307.6417406666667
2065-07-01,244.47111580645162,243.93951806451614,244.34976258064515,244.89136290322583,244.43683,244.37031483870967
2065-08-01,251.0637964516129,249.48372935483872,247.3613529032258,250.97634774193548,249.4498335483871,247.19164967741935
2065-09-01,207.633406,206.46811566666665,205.02626666666666,205.639082,204.45561433333333,203.359688
2065-10-01,162.43915106451612,160.8409241935484,159.20998819354838,161.25863041935483,159.71477109677417,158.07269790322582
2065-11-01,106.1468659,105.0231244,103.91439853333333,105.81044846666667,104.74130606666667,103.6798932
2065-12-01,94.24785077419355,93.29693251612903,91.9323945483871,93.38881970967742,92.51161338709679,91.18303932258064
